<?xml version="1.0"?>
<doc>
    <assembly>
        <name>DotNetOpenAuth.Core.UI</name>
    </assembly>
    <members>
        <member name="T:DotNetOpenAuth.ComponentModel.ClaimTypeSuggestions">
            <summary>
            A design-time helper to give a Uri property an auto-complete functionality
            listing the URIs in the <see cref="T:System.IdentityModel.Claims.ClaimTypes"/> class.
            </summary>
        </member>
        <member name="T:DotNetOpenAuth.ComponentModel.SuggestedStringsConverter">
            <summary>
            A type that generates suggested strings for Intellisense,
            but doesn't actually convert between strings and other types.
            </summary>
        </member>
        <member name="T:DotNetOpenAuth.ComponentModel.ConverterBase`1">
            <summary>
            A design-time helper to allow Intellisense to aid typing
            ClaimType URIs.
            </summary>
            <typeparam name="T">The strong-type of the property this class is affixed to.</typeparam>
        </member>
        <member name="F:DotNetOpenAuth.ComponentModel.ConverterBase`1.standardValues">
            <summary>
            A cache of the standard claim types known to the application.
            </summary>
        </member>
        <member name="M:DotNetOpenAuth.ComponentModel.ConverterBase`1.#ctor">
            <summary>
            Initializes a new instance of the ConverterBase class.
            </summary>
        </member>
        <member name="M:DotNetOpenAuth.ComponentModel.ConverterBase`1.GetStandardValuesSupported(System.ComponentModel.ITypeDescriptorContext)">
            <summary>
            Returns whether this object supports a standard set of values that can be picked from a list, using the specified context.
            </summary>
            <param name="context">An <see cref="T:System.ComponentModel.ITypeDescriptorContext"/> that provides a format context.</param>
            <returns>
            true if <see cref="M:System.ComponentModel.TypeConverter.GetStandardValues"/> should be called to find a common set of values the object supports; otherwise, false.
            </returns>
        </member>
        <member name="M:DotNetOpenAuth.ComponentModel.ConverterBase`1.GetStandardValues(System.ComponentModel.ITypeDescriptorContext)">
            <summary>
            Returns a collection of standard values for the data type this type converter is designed for when provided with a format context.
            </summary>
            <param name="context">An <see cref="T:System.ComponentModel.ITypeDescriptorContext"/> that provides a format context that can be used to extract additional information about the environment from which this converter is invoked. This parameter or properties of this parameter can be null.</param>
            <returns>
            A <see cref="T:System.ComponentModel.TypeConverter.StandardValuesCollection"/> that holds a standard set of valid values, or null if the data type does not support a standard set of values.
            </returns>
        </member>
        <member name="M:DotNetOpenAuth.ComponentModel.ConverterBase`1.GetStandardValuesExclusive(System.ComponentModel.ITypeDescriptorContext)">
            <summary>
            Returns whether the collection of standard values returned from <see cref="M:System.ComponentModel.TypeConverter.GetStandardValues"/> is an exclusive list of possible values, using the specified context.
            </summary>
            <param name="context">An <see cref="T:System.ComponentModel.ITypeDescriptorContext"/> that provides a format context.</param>
            <returns>
            true if the <see cref="T:System.ComponentModel.TypeConverter.StandardValuesCollection"/> returned from <see cref="M:System.ComponentModel.TypeConverter.GetStandardValues"/> is an exhaustive list of possible values; false if other values are possible.
            </returns>
        </member>
        <member name="M:DotNetOpenAuth.ComponentModel.ConverterBase`1.CanConvertFrom(System.ComponentModel.ITypeDescriptorContext,System.Type)">
            <summary>
            Returns whether this converter can convert an object of the given type to the type of this converter, using the specified context.
            </summary>
            <param name="context">An <see cref="T:System.ComponentModel.ITypeDescriptorContext"/> that provides a format context.</param>
            <param name="sourceType">A <see cref="T:System.Type"/> that represents the type you want to convert from.</param>
            <returns>
            true if this converter can perform the conversion; otherwise, false.
            </returns>
        </member>
        <member name="M:DotNetOpenAuth.ComponentModel.ConverterBase`1.CanConvertTo(System.ComponentModel.ITypeDescriptorContext,System.Type)">
            <summary>
            Returns whether this converter can convert the object to the specified type, using the specified context.
            </summary>
            <param name="context">An <see cref="T:System.ComponentModel.ITypeDescriptorContext"/> that provides a format context.</param>
            <param name="destinationType">A <see cref="T:System.Type"/> that represents the type you want to convert to.</param>
            <returns>
            true if this converter can perform the conversion; otherwise, false.
            </returns>
        </member>
        <member name="M:DotNetOpenAuth.ComponentModel.ConverterBase`1.ConvertFrom(System.ComponentModel.ITypeDescriptorContext,System.Globalization.CultureInfo,System.Object)">
            <summary>
            Converts the given object to the type of this converter, using the specified context and culture information.
            </summary>
            <param name="context">An <see cref="T:System.ComponentModel.ITypeDescriptorContext"/> that provides a format context.</param>
            <param name="culture">The <see cref="T:System.Globalization.CultureInfo"/> to use as the current culture.</param>
            <param name="value">The <see cref="T:System.Object"/> to convert.</param>
            <returns>
            An <see cref="T:System.Object"/> that represents the converted value.
            </returns>
            <exception cref="T:System.NotSupportedException">
            The conversion cannot be performed.
            </exception>
        </member>
        <member name="M:DotNetOpenAuth.ComponentModel.ConverterBase`1.ConvertTo(System.ComponentModel.ITypeDescriptorContext,System.Globalization.CultureInfo,System.Object,System.Type)">
            <summary>
            Converts the given value object to the specified type, using the specified context and culture information.
            </summary>
            <param name="context">An <see cref="T:System.ComponentModel.ITypeDescriptorContext"/> that provides a format context.</param>
            <param name="culture">A <see cref="T:System.Globalization.CultureInfo"/>. If null is passed, the current culture is assumed.</param>
            <param name="value">The <see cref="T:System.Object"/> to convert.</param>
            <param name="destinationType">The <see cref="T:System.Type"/> to convert the <paramref name="value"/> parameter to.</param>
            <returns>
            An <see cref="T:System.Object"/> that represents the converted value.
            </returns>
            <exception cref="T:System.ArgumentNullException">
            The <paramref name="destinationType"/> parameter is null.
            </exception>
            <exception cref="T:System.NotSupportedException">
            The conversion cannot be performed.
            </exception>
        </member>
        <member name="M:DotNetOpenAuth.ComponentModel.ConverterBase`1.CreateInstanceDescriptor(System.Reflection.MemberInfo,System.Collections.ICollection)">
            <summary>
            Creates an <see cref="T:System.ComponentModel.Design.Serialization.InstanceDescriptor"/> instance, protecting against the LinkDemand.
            </summary>
            <param name="memberInfo">The member info.</param>
            <param name="arguments">The arguments.</param>
            <returns>A <see cref="T:System.ComponentModel.Design.Serialization.InstanceDescriptor"/>, or <c>null</c> if sufficient permissions are unavailable.</returns>
        </member>
        <member name="M:DotNetOpenAuth.ComponentModel.ConverterBase`1.GetStandardValuesForCache">
            <summary>
            Gets the standard values to suggest with Intellisense in the designer.
            </summary>
            <returns>A collection of the standard values.</returns>
        </member>
        <member name="M:DotNetOpenAuth.ComponentModel.ConverterBase`1.ConvertFrom(System.String)">
            <summary>
            Converts a value from its string representation to its strongly-typed object.
            </summary>
            <param name="value">The value.</param>
            <returns>The strongly-typed object.</returns>
        </member>
        <member name="M:DotNetOpenAuth.ComponentModel.ConverterBase`1.CreateFrom(`0)">
            <summary>
            Creates the reflection instructions for recreating an instance later.
            </summary>
            <param name="value">The value to recreate later.</param>
            <returns>The description of how to recreate an instance.</returns>
        </member>
        <member name="M:DotNetOpenAuth.ComponentModel.ConverterBase`1.ConvertToString(`0)">
            <summary>
            Converts the strongly-typed value to a string.
            </summary>
            <param name="value">The value to convert.</param>
            <returns>The string representation of the object.</returns>
        </member>
        <member name="M:DotNetOpenAuth.ComponentModel.ConverterBase`1.CreateInstanceDescriptorPrivate(System.Reflection.MemberInfo,System.Collections.ICollection)">
            <summary>
            Creates an <see cref="T:System.ComponentModel.Design.Serialization.InstanceDescriptor"/> instance, protecting against the LinkDemand.
            </summary>
            <param name="memberInfo">The member info.</param>
            <param name="arguments">The arguments.</param>
            <returns>A <see cref="T:System.ComponentModel.Design.Serialization.InstanceDescriptor"/>.</returns>
        </member>
        <member name="P:DotNetOpenAuth.ComponentModel.ConverterBase`1.StandardValueCache">
            <summary>
            Gets a cache of the standard values to suggest.
            </summary>
        </member>
        <member name="M:DotNetOpenAuth.ComponentModel.SuggestedStringsConverter.#ctor">
            <summary>
            Initializes a new instance of the <see cref="T:DotNetOpenAuth.ComponentModel.SuggestedStringsConverter"/> class.
            </summary>
        </member>
        <member name="M:DotNetOpenAuth.ComponentModel.SuggestedStringsConverter.GetStandardValuesForCacheShared(System.Type)">
            <summary>
            Gets the values of public static fields and properties on a given type.
            </summary>
            <param name="type">The type to reflect over.</param>
            <returns>A collection of values.</returns>
        </member>
        <member name="M:DotNetOpenAuth.ComponentModel.SuggestedStringsConverter.ConvertFrom(System.String)">
            <summary>
            Converts a value from its string representation to its strongly-typed object.
            </summary>
            <param name="value">The value.</param>
            <returns>The strongly-typed object.</returns>
        </member>
        <member name="M:DotNetOpenAuth.ComponentModel.SuggestedStringsConverter.CreateFrom(System.String)">
            <summary>
            Creates the reflection instructions for recreating an instance later.
            </summary>
            <param name="value">The value to recreate later.</param>
            <returns>
            The description of how to recreate an instance.
            </returns>
        </member>
        <member name="M:DotNetOpenAuth.ComponentModel.SuggestedStringsConverter.ConvertToString(System.String)">
            <summary>
            Converts the strongly-typed value to a string.
            </summary>
            <param name="value">The value to convert.</param>
            <returns>The string representation of the object.</returns>
        </member>
        <member name="M:DotNetOpenAuth.ComponentModel.SuggestedStringsConverter.GetStandardValuesForCache">
            <summary>
            Gets the standard values to suggest with Intellisense in the designer.
            </summary>
            <returns>A collection of the standard values.</returns>
        </member>
        <member name="P:DotNetOpenAuth.ComponentModel.SuggestedStringsConverter.WellKnownValuesType">
            <summary>
            Gets the type to reflect over for the well known values.
            </summary>
        </member>
        <member name="M:DotNetOpenAuth.ComponentModel.ClaimTypeSuggestions.#ctor">
            <summary>
            Initializes a new instance of the <see cref="T:DotNetOpenAuth.ComponentModel.ClaimTypeSuggestions"/> class.
            </summary>
        </member>
        <member name="P:DotNetOpenAuth.ComponentModel.ClaimTypeSuggestions.WellKnownValuesType">
            <summary>
            Gets the type to reflect over to extract the well known values.
            </summary>
        </member>
        <member name="T:DotNetOpenAuth.ComponentModel.SuggestedStringsConverterContract">
            <summary>
            Contract class for the <see cref="T:DotNetOpenAuth.ComponentModel.SuggestedStringsConverter"/> class.
            </summary>
        </member>
        <member name="P:DotNetOpenAuth.ComponentModel.SuggestedStringsConverterContract.WellKnownValuesType">
            <summary>
            Gets the type to reflect over for the well known values.
            </summary>
        </member>
    </members>
</doc>
